Map Names ↓,Heading ↓
•Northbridge  •Armadale  •Fremantle •Joondalup •Midland •Osborne Park •Wangara •Como,Currently Cleaning
Geo Json array ↓ ,
"[115.85061889,-31.94649528],[115.85423145,-31.94311982],[115.86107149,-31.94625976],[115.85875543,-31.94997036],[115.85061889,-31.94649528]",
"[116.01803306,-32.13198494],[116.01730581,-32.14231713],[116.02487855,-32.14898065],[116.02656176,-32.14981479],[116.01856576,-32.15305271],[116.0151316,-32.17188714],[116.00873777,-32.17270969],[115.99785024,-32.15951034],[115.99676299,-32.15858392],[115.983924,-32.14712707],[115.99085958,-32.14621945],[116.0054669,-32.1337651],[116.01803306,-32.13198494]",
"[115.75802827,-32.04118413],[115.75814394,-32.04734306],[115.77621602,-32.04711246],[115.77972483,-32.05480802],[115.77959696,-32.05712609],[115.7625001,-32.0573222],[115.76156876,-32.06349637],[115.75699337,-32.06356298],[115.74898809,-32.06392412],[115.73867453,-32.05440804],[115.75263305,-32.04239852],[115.75802827,-32.04118413]",
"[115.77373914,-31.71718447],[115.77421652,-31.72191206],[115.78624455,-31.73596509],[115.79225994,-31.74299116],[115.78873913,-31.75007643],[115.77713866,-31.7500759],[115.77063486,-31.7623752],[115.76436808,-31.75509437],[115.75789151,-31.73970938],[115.74988983,-31.72252647],[115.7498496,-31.72234246],[115.77373914,-31.71718447]",
"[116.01927173,-31.89283698],[116.01616475,-31.90552441],[115.99943245,-31.89507567],[116.00000394,-31.88518419],[116.00454387,-31.87964435],[116.02324427,-31.87968914],[116.01861928,-31.88613267],[116.01927173,-31.89283698]",
"[115.82830368,-31.88991931],[115.82889095,-31.90573137],[115.82884909,-31.91434581],[115.82319627,-31.91526059],[115.81392658,-31.91713491],[115.81161009,-31.91315151],[115.79969611,-31.90930623],[115.8010193,-31.90427132],[115.80512817,-31.89458216],[115.81833321,-31.89923988],[115.82281464,-31.89020327],[115.82830368,-31.88991931]",
"[115.85783999,-31.79400808],[115.83510829,-31.8024159],[115.81654899,-31.79986896],[115.80859836,-31.78343751],[115.80876622,-31.78346441],[115.82881965,-31.78728053],[115.84117108,-31.78949571],[115.85783999,-31.79400808]",
"[115.86324165,-32.01757654],[115.85679134,-32.01695479],[115.85291889,-32.00435084],[115.8529728,-31.98850754],[115.87163458,-31.98860172],[115.88152962,-31.98882337],[115.88679589,-31.99792481],[115.88802108,-32.00381846],[115.87490883,-32.00584846],[115.86472666,-32.00627599],[115.86324165,-32.01757654]",